sample_id	Bin ID	Most abundant genome	Purity (bp)	Completeness (bp)	Bin size (bp)	True positives (bp)	True size of most abundant genome (bp)	Purity (seq)	Completeness (seq)	Bin size (seq)	True positives (seq)	True size of most abundant genome (seq)
gsa	Maxbin2.007.fasta	evo_1035930.032	1.0	1.0	2294831	2294831	2294831	1.0	1.0	58	58	58
gsa	Maxbin2.006.fasta	evo_1035930.029	0.9959104637216225	1.0	2422035	2412130	2412130	0.921875	1.0	64	59	59
gsa	Maxbin2.009.fasta	1049056	0.9709745892608094	1.0	3359918	3262395	3262395	0.5151515151515151	1.0	66	34	34
gsa	Maxbin2.008.fasta	evo_1286_AP.026	0.9960727507939543	0.9994571679677403	3221848	3209195	3210938	0.8823529411764706	0.8823529411764706	17	15	17
gsa	Maxbin2.012.fasta	evo_1286_AP.033	0.9871456149104363	0.9994431893340254	3136595	3096276	3098001	0.8333333333333334	0.8823529411764706	18	15	17
gsa	Maxbin2.014.fasta	evo_1049056.031	0.7463442103421148	0.9969281506009052	4508807	3365122	3375491	0.043010752688172046	0.9142857142857143	744	32	35
gsa	Maxbin2.018.fasta	evo_1035930.011	0.8997204686025316	0.9706156056274238	2439082	2194492	2260928	0.8305084745762712	0.875	59	49	56
gsa	Maxbin2.011.fasta	1035930	0.9985579196458937	0.889907580509809	1958282	1955458	2197372	0.9636363636363636	0.8833333333333333	55	53	60
gsa	Maxbin2.015.fasta	1286_AP	0.998731767417608	0.6032587961445702	1796989	1794710	2975025	0.8571428571428571	0.6666666666666666	14	12	18
