sample_id	Bin ID	Most abundant genome	Purity (bp)	Completeness (bp)	Bin size (bp)	True positives (bp)	True size of most abundant genome (bp)	Purity (seq)	Completeness (seq)	Bin size (seq)	True positives (seq)	True size of most abundant genome (seq)
gsa	vamb/bins/369.fna	evo_1286_AP.026	1.0	0.9977526816151542	3203722	3203722	3210938	1.0	0.7058823529411765	12	12	17
gsa	vamb/bins/206.fna	evo_1286_AP.008	0.26992765966134424	0.9963161220047436	12490265	3371468	3383934	0.26	0.7222222222222222	50	13	18
gsa	vamb/bins/36.fna	evo_1049056.013	0.2615874787611963	0.995806645982488	13381168	3500346	3515086	0.2597402597402597	0.7692307692307693	77	20	26
gsa	vamb/bins/242.fna	evo_1049056.031	0.9235266260142361	0.9890655907540562	3615036	3338582	3375491	0.1951219512195122	0.6857142857142857	123	24	35
gsa	vamb/bins/466.fna	evo_1035930.029	0.5190645912767312	0.9865396972799974	4584520	2379662	2412130	0.5360824742268041	0.8813559322033898	97	52	59
gsa	vamb/bins/249.fna	1052944	0.3389885544088415	0.9638572098230118	14751619	5000630	5188144	0.38461538461538464	0.6989247311827957	169	65	93
gsa	vamb/bins/665.fna	evo_1035930.011	0.5003986929712644	0.9445453371359017	4267695	2135549	2260928	0.4489795918367347	0.7857142857142857	98	44	56
